"analysis_id","user_id","answer_id","question_id","mistake_type","confused_concepts","analysis_comment","recommended_training","confidence_score","outdated_knowledge_influence","syllabus_version","created_at"
"5d0d1ab0-03b6-4d24-955c-505aee3bdfcc","user_001","455ed3fa-646f-4a71-b096-4f7da411c493","q_001","term_confusion","WBS（作業を階層的に分解して管理単位にする）;KPI/性能指標（処理速度を測る等）;ネットワーク図（構成を図式化）;予算管理（増減を月ごとに示した表）","WBSの定義は現在も（v2024でも）「作業を階層的に分解して管理しやすい単位に分ける図（構造）」なので、選択肢a以外（b: 指標、c: ネットワーク構成、d: 予算表）を選んだ時点で、WBSという用語と他の領域（計測指標、ネットワーク図、予算管理）を取り違えた可能性が高いです。問題文の読み間違いというより、用語の対応付けが不十分だった（もしくは覚え違い）推定になります。関連履歴でも誤答が続いているため、同種の用語混同の癖がある可能性がありますが、単一問だけでは断定はできません。","WBS・ネットワーク図・KPI（指標）・予算表の“役割”をセットで覚え、各選択肢がどの管理対象か（作業分解／通信・工程の関係／性能計測／資金の増減）を1語で説明できるようにする練習を行うとよいです。","0.7","false","シラバスVer.6.2","2026-07-05T10:18:04.815Z"
"90ad4c00-56d6-4793-a24b-74461fda1b37","user_001","0cc3e2a1-29ae-42a8-9233-483ce071a547","q_001","term_confusion","WBS（作業を階層的に分解）;ネットワーク図（作業の流れ・依存関係を表す）;KPI/指標（処理速度などを測定）;予算管理の表（費用・予算の増減を示す）","選択肢cはネットワークの構成を図式化したもの、aはWBSの定義（作業を階層的に分解して管理しやすい単位にする）です。あなたはcを選んでおり、WBSとネットワーク図など「プロジェクト管理で使う他の図・管理対象」を取り違えた可能性が高いです。出題ルールはv2024で正解もaのままで、定義変更による誤答ではなさそうです。関連履歴でもb/d/cを誤っており、用語の結び付け自体に弱さがある（繰り返しトピックミスの傾向）可能性がありますが、確定まではできません。","WBS・ネットワーク図・ガントチャート・PERT/CPMなど、プロジェクト管理で出てくる代表的な図や指標の役割を「何を表すか（階層分解か、流れ・依存関係か、時間の計画か等）」で対比し、選択肢のキーワード（階層的に分解／依存関係／処理速度指標／予算表）から即座に判別できる練習をすることをおすすめします。","0.73","false","シラバスVer.6.2","2026-07-05T10:18:18.140Z"
"0475e811-8014-481f-9a46-a2bef553c3fb","user_001","18569c17-5abe-4229-a462-2a5ffc04d79e","82b239ff-927f-45bf-8486-656ac82a18b9","misread_question","WBS（作業分解構造）;ガントチャート（作業の期間と進捗）","「成果物（または作業単位）まで細かく分解して整理し直す」「必要な作業範囲を明確にする」という表現から、主眼は作業の階層的分解にあります。選択肢ではそれに該当するのがWBSです。一方でc（ガントチャート）は主に“期間と進捗”の可視化であり、作業範囲の分解目的とはずれます。今回の誤答は、設問のキーワード（分解・作業範囲の明確化）を期間管理の文脈（ガント）に読み替えてしまった可能性が高いです。","WBSとガントチャートの役割をセットで整理し、「何を“分解”するのが目的か（WBS）」「何を“期間・進捗”として表すのが目的か（ガント）」を設問文のキーワードから判別する練習をしてください。","0.78","false","シラバスVer.6.5","2026-07-05T10:22:59.984Z"
"76003215-b35d-4dc4-8117-38061a40ac6f","user_001","78156abd-f4c4-4db6-92f4-09266f75575a","q_049","misread_question","契約範囲外の作業（追加対応）と無償対応の是非;導入作業中に契約外PCが見つかった場合の扱い;契約困難時の合意と原状復旧（契約管理）","選択肢bを含む「bだけでなく他も適切なものを全て」なのに、bの内容（契約外のPCへの導入依頼に対し、無償で対応）を『現場対応としてよい』と捉えてしまった可能性があります。bは契約に含まれない作業を無償で引き受けることに相当し、契約管理上は不適切になりやすい論点です。一方で、aとcはどちらも契約に沿う/合意手続きを踏む方向（契約外PCを対象外、続行困難時に合意して復旧）なので、全てを選ぶ問題に対してbを誤って入れてしまった可能性が高いです。※問題文が「適切なものだけを全て挙げたもの」なので、bを選ぶ時点で“全て条件を満たす必要がある”理解が崩れた（読み違い・判断の取り違え）可能性があります。","契約管理の基本（契約外の作業は無償で引き受けない／まず範囲・条件を確認し合意が必要）と、「適切なものだけを全て」という出題形式で“1つでも不適切が混ざれば不正解”になる点を、契約範囲外対応・原状復旧・合意手続きの典型パターンで演習する。","0.63","false","シラバスVer.6.5","2026-07-05T11:08:47.323Z"
"a26ca96a-9d02-456f-982f-6abc604d2c4a","user_001","b18b7697-d925-4c5b-a890-c19e31ae7edd","q_098","misread_question","if (numが2[a]) の意味（num=2のとき分岐条件）;while (numがdiv[b]) の継続条件（divとnumの大小関係）;素数判定で2を例外的に扱う条件設計","選択肢b（a=以下、b=と等しい）だと、if文の条件が「num <= 2」になり、num=2のときにfalseを返してしまいます。本問は isPrime(2) を true にする必要があるため、分岐は「num が 2 より大きいときにだけ判定処理へ進む」形である必要があります。そのためaは「より小さい」（= num < 2）の組合せにすべきでした。加えてwhile条件の「div が num と等しいまで回す（num <= div の形）」になると、設計意図（divがnum未満の範囲で調べる）とズレます。今回の誤答は、条件演算子（以下/より小さい）や等号の有無が与える分岐結果を読み違えた可能性が高いです。","if (numが2[a]) の a が等号を含むかどうかで num=2 の戻り値がどう変わるかを確認する練習と、while (numがdiv[b]) の b の等号有無がループ範囲をどう変えるかを、isPrime(2)（および3,4）で手計算して確かめる問題演習を行うと良いです。","0.72","false","シラバスVer.6.5","2026-07-05T12:17:11.806Z"
"4418a301-ef44-42eb-aa2d-7eec4bb87149","user_001","65dea363-ec23-49b2-8851-0ca1096b9547","q_075","term_confusion","ベンチマークテスト;シミュレーション（モデル化して疑似システム上で評価する手法）;机上計算（モデルに基づく積算）","誤答は「b」を選んでおり、内容が『動作特性をモデル化して疑似システム上で実行』という“シミュレーション／モデル評価”に近いです。一方で、正解のdは『評価用プログラムを実システム上で実際に実行して性能測定』で、典型的なベンチマークテストの定義と一致します。1問だけの結果なので断定は控えますが、ベンチマークテストとシミュレーション（モデル化評価）を取り違えた可能性が高いです。","ベンチマークテストは「実機（評価対象システム）上で、標準的な処理をする評価用プログラムを実行して性能を測る」ものだと整理し、選択肢の『モデル化して疑似システム上で実行』『机上計算』はシミュレーションや机上評価として区別する練習をしましょう。","0.72","false","シラバスVer.6.5","2026-07-05T12:17:20.629Z"
"9d1a5119-1fde-4be8-a1ad-2a65c6884bc5","user_001","f01d655b-82c8-466f-a90e-1a9afcbf54f6","q_049","misread_question","契約に含まれる範囲（契約範囲外の作業の扱い）;無償対応（契約外要求への対応可否）;導入作業の中断時の合意と復旧（発注者との合意手続）","正答は「適切なものだけを全て」なので、誤って選択肢bを含めてしまった可能性が高いです。選択肢bは「契約外のPCへの導入を依頼され、無償で対応した」とあり、これは契約範囲外の追加作業を無償で引き受けることになるため不適切です。一方cは「続行が困難な状態になったので発注者と合意し、導入前の状態に復旧」としており、合意による適切な対応として選べます。したがって、知識不足というより『適切なものを全て選ぶ』という条件や、bの『無償で対応』の契約管理上の不適切さを見落とした／読み違えた可能性が考えられます（ただし、もし設問の意図を別解釈していた場合もあるため断定はできません）。","ITパスポートの契約・プロジェクト管理分野で、「契約範囲外の要求には原則として無償対応しない（契約変更・合意が必要）」と「中断や復旧は発注者との合意を前提に適切な手順で行う」をセットで覚え、設問の『適切なものだけを全て』条件を毎回確認してから選ぶ練習をしてください。","0.68","false","シラバスVer.6.5","2026-07-05T12:17:26.752Z"
"29744905-7bac-4004-8031-10425856b587","user_001","fdc78f2a-68e4-4163-b7d9-a7ed020ced3e","q_085","misread_question","参照整合性のためのデータ追加順序（外部キー参照先を先に登録）;外部キーの向き（どの表が参照される側か）","選択肢c（顧客→取引明細→口座）を選んでいますが、取引明細表には口座番号（外部キー）があり、口座表側に先に当該口座番号のレコードが存在している必要があります。そのため、取引明細の追加より先に口座表へデータ追加が必要です。また口座表には顧客番号（外部キー）があるため、口座表の追加前に顧客表も用意する必要があります。よって正しい追加順は「顧客→口座→取引明細」で、cは2つの外部キー参照先の先行登録条件のうち、口座→取引明細の順序を誤っています。ミス原因としては、外部キーがある表（参照する側）を後にすべき点を読み違えた可能性が高いです（※問題文の状況文「口座の開設と同時に入金」自体は順序問題の根拠にならず、参照整合性が主因です）。","外部キー（破線）の“参照される側（主キーを持つ表）”を先に登録し、参照する側（外部キーを持つ表）を後にするというルールで、追加順を矢印で図示しながら解く練習（各選択肢が外部キー参照に矛盾しないかを確認する手順）を行ってください。","0.72","false","シラバスVer.6.5","2026-07-05T12:42:03.937Z"
"3c2d5e0a-747f-42f2-8f3a-1df560dc981a","user_001","40fa3e07-066e-48d1-a7d2-ed42ba052ba0","q_098","misread_question","if（numが2と等しい）の分岐条件の解釈（2に対してfalseを返す/返さない）;素数判定ロジックの初期条件（num=2をtrueにする必要がある）;比較演算子の読み違い（等しい/より小さい）","選択肢c（a=より小さい、b=と等しい）を選んだ場合、if部が「numが2より小さいときfalse」となる一方で、whileの条件が「numがdivと等しい間」になりやすくなります。ここで重要なのは、isPrime(2)がtrueになる必要がある点です。初期条件としてnum=2のときにfalseに到達せず、ループ内の判定（num ÷ div の余りが0）が働かないように、divの探索範囲を“numより小さい範囲”にする必要があります。そのためbは「より大きい（numがdivより大きい間）」側が整合します。aについても、numが2のときはifに入らない必要があるので「numが2より小さい」なら一見自然ですが、cではbが不適切で、探索範囲がずれて誤ってfalse判定につながる可能性が高いです。なお、ユーザーは原文の条件「numが2[a]」「while（numがdiv[b]）」の[a]/[b]を“等しい”側に寄せて読み違えた可能性があります（ミス原因は知識不足というより問題文の比較条件の読み違い寄り）。","「素数判定がisPrime(2)=trueになること」を起点に、if（numが2と等しい/より小さい/より大きい）とwhile（numがdivと等しい/より大きい/より小さい）の比較条件がどの範囲を探索するかを、num=2・num=3の具体例で一度ずつテストしてから解く練習をしてください。","0.62","false","シラバスVer.6.5","2026-07-05T14:05:45.280Z"
"d222eb65-ed75-4e3d-ac4d-62752dfaf914","user_001","e8971cda-b3a8-419a-ac04-fd242633049b","q_108","term_confusion","サニタイジング;ストライピング（※用語としては一般にSQLインジェクション対策の文脈で扱われにくい）","自信は「unsure」で、誤答は選択肢c「ストライピング」。問題文は「利用者が入力した内容に含まれる有害な文字列を無害な文字列に置き換える」と定義しており、これはSQLインジェクション対策としての一般的な用語である“サニタイジング（入力の無害化）”に一致します。cは対策の定義と一致しないため、別のセキュリティ/IT用語と混同した可能性が高いです（少なくとも設問の読み違いというより用語の取り違え）。","SQLインジェクション対策で出る頻出用語（サニタイジング、エスケープ、プレースホルダ/パラメタ化、バリデーション）を定義文とセットで暗記し、「置き換えて無害化＝サニタイジング」を選べるように過去問で確認するのが有効です。","0.73","false","シラバスVer.6.5","2026-07-05T14:05:57.789Z"
"a596b426-7d81-42a4-8594-6d65e32408dc","user_001","3c3ae881-e373-40be-8c58-74819fbce8c1","q_037","term_confusion","コーポレートガバナンス（企業統治）;ブランド／ブランディング（企業ブランド価値の向上）;競争優位の源泉（独自のスキル・技術＝いわゆるコア・コンピタンス／競争優位）;資本調達（ファイナンス）","選択肢dは「競合他社では提供が不可能な価値をもたらす独自のスキルや技術」であり、企業統治（コーポレートガバナンス）の定義（株主等の利害関係者による経営者の監視・監督）とは別概念です。そのため、用語の理解というより「ガバナンス」と「競争優位（独自技術・スキル）/ブランド/資本調達」といった他の用語を混同した可能性が高いです。設問文が「説明として適切なもの」であるため、定義の一致（監視・監督が中心か）を見落とした（または結び付けを誤った）パターンも考えられますが、最も直接的には用語混同です。","コーポレートガバナンスは「誰が（株主など）・何を（経営者の監視・監督）して、企業活動を律する枠組みか」をキーワードで固定し、毎回選択肢の中から「監視/監督/株主などの利害関係者/枠組み」に合致するかを確認する練習をしてください（dのような『独自のスキル・技術』『競争優位』『ブランド価値』『資本調達』は別領域として切り分けます）。","0.62","false","シラバスVer.6.5","2026-07-05T14:06:13.621Z"
"ffc22c5d-0447-4780-9209-b30b8292bf38","user_001","f7d913d7-e623-4f85-9004-1c245130ec79","q_093","knowledge_gap","他人受入率（FAR）と安全性の関係;本人拒否率（FRR）と利便性の関係;“高く/低く”の対応関係の取り違え","誤答は選択肢ア（a=高く、b=高く）を選んでいるため、本文の「安全性重視」「利便性重視」と、各“率”をどう設定するかの対応関係を取り違えた可能性が高いです。少なくとも根拠となる正しい対応は、「安全性重視→他人受入率を低く」「利便性重視→本人拒否率を低く」なので、aとbがともに“高く”になる選択肢は整合しません。なお、シラバスVer.6.5での表現・考え方自体が一般的に変わるタイプの問題ではないため、旧ルールとの差での誤りというより知識・理解の不足（または選択時の対応表の取り違え）の可能性が高いです。","バイオメトリクス認証の評価指標として「他人受入率(FAR)」と「本人拒否率(FRR)」がそれぞれ“高い/低い”と安全性・利便性のどちらに寄るかを、FARは低いほど安全、FRRは低いほど利便という対応で整理し、問題文中の語（安全性/利便性）からa・bを直接決める練習をしてください。","0.72","false","シラバスVer.6.5","2026-07-05T14:06:26.275Z"
"1f6c3931-d6ac-4d99-8c4d-3d0f518562f2","user_001","c1c31a88-35d2-47af-939a-6723d426ae07","q_024","term_confusion","パブリシティ権;商標権","問題文は「人気のある選手の背広姿（肖像など）を撮影しプリントしてフリーマーケットで販売」という“肖像（氏名・写真）を商業的に使って集客力を収益化する”趣旨です。この場合、保護の中心は著名人の氏名・肖像が持つ顧客吸引力（＝パブリシティ権）であり、商標権（標章としての出所識別・商標登録の保護）とは前提が異なります。選択肢b（商標権）を選んだのは、肖像/名前の“商業利用”を商標のような知財全般と混同した可能性が高いです。なお、誤答は現在ルールと矛盾しておらず（正解もdのまま）、当時と現在でのルール差による影響は考えにくいです。","パブリシティ権と商標権の違い（肖像・氏名の顧客吸引力を無断で利用するのがパブリシティ権、商標は出所を識別する“標章”の権利であること）を、類似問題で見分ける練習をしてください。","0.78","false","シラバスVer.6.5","2026-07-05T14:06:35.376Z"
"68734d0e-839a-40d5-86aa-aec1611ef936","user_001","f2fc522d-805d-4088-9009-dce1e5dca949","q_109","misread_question","APT攻撃（長期間・標的型・複数手法）;ゼロデイ攻撃（未知の脆弱性を突く）;標的型攻撃と攻撃手法（侵入後の継続性の有無）","設問文は「特定の組織や個人を標的」「複数の攻撃手法を使う」「長期間にわたり継続的に攻撃」といった“APT攻撃の特徴”を問うています。一方、あなたの選択肢はゼロデイ攻撃（c）で、これは主に“未知の脆弱性を悪用する”点が中心で、設問で強調されている「長期にわたり継続的に、複数手法で標的へ行う」という説明とは結び付きにくいです。そのため、用語の知識不足というより、設問の特徴（APTの3要素）と選択肢の内容を対応づけて読み取れなかった可能性が高いです。","APT攻撃は「標的型（特定の組織・個人）」「複数手法の組合せ」「長期間・継続的」の3点セットで説明できるよう、各サイバー攻撃の“目的/標的の有無/時間的特徴（長期かどうか）/手法の特徴（複数か単発か）”を比較する練習をしてください。","0.7","false","シラバスVer.6.5","2026-07-05T14:06:43.746Z"
"e8faf04e-93f4-426d-be8c-7a9cba93bb2e","user_001","4aa97e7b-0949-4246-bf16-4a349bf3ffbb","q_021","misread_question","IoT（モノのセンサー/デバイス×ネットワーク×監視・制御）と、単なるクラウドストレージ（データ保存）の違い","設問は「IoTを利用したシステムの事例」ですが、選択肢dは「電子ファイルを保存するためのストレージを提供」であり、データの保管が中心で、センサー等の“モノ”からの収集・監視というIoTの典型要素がありません。選択肢cは、設備のセンサー情報をインターネット経由で集めて、スマートフォンで監視する流れが明確なので正解になります。ミス原因は、IoTの定義・典型要素を意識せずに「インターネット活用＝IoT」と判断した（問題文の意図を取り違えた）可能性があります。","IoTの典型構成（現場のセンサー/デバイス→ネットワーク→クラウド/サーバ等→可視化・監視/制御）をワンフレーズで説明できるようにし、選択肢問題では「センサーが出てくるか」「現場設備の状態を扱っているか」「監視・制御があるか」を最初にチェックしてから消去する練習をしてください。","0.62","false","シラバスVer.6.5","2026-07-05T14:06:53.130Z"
"5ad93b44-31d7-447b-90a0-5ebe763f690b","user_001","92b135da-cbd0-49f8-9032-c64a387b5df9","q_058","term_confusion","プロジェクト憲章（正式な認可・開始の根拠）;プロジェクトスコープ記述書（スコープの詳細を定める）;プロジェクトの開始/立上げに関する書類と、スコープ定義に関する書類の役割の混同","「新規プロジェクトを正式に認可する文書」という設問文の“認可”に対して、プロジェクトスコープ記述書（c）を選んでしまった可能性があります。プロジェクト憲章（b）は、プロジェクトの目的・上位目標、主要な役割（責任者の権限）などを定め、関係者を正式に立ち上げるための文書として扱われます。一方、プロジェクトスコープ記述書は、作業範囲（スコープ）を具体化する文書であり、「正式な認可」そのものを行う文書としてはずれやすいです。自信度が未回答のため断定は避けますが、用語の役割（憲章=認可、スコープ記述書=範囲の定義）を取り違えた可能性が高いです。","PM関連の基本文書の対応をセットで暗記し、特に「憲章＝正式な開始・認可」「スコープ記述書＝スコープの具体化」のように役割語（認可/開始 vs 範囲/詳細）で選ぶ練習をするとよいです。","0.66","false","シラバスVer.6.5","2026-07-05T14:07:02.007Z"
"bf7d8be6-e05d-4468-90fb-5b4543fcfb04","user_001","e6633453-2035-468d-a197-2e5412721b97","q_091","term_confusion","センサー（物理量→電気信号）;キャリアアグリゲーション（通信の周波数帯活用）;エッジコンピューティング（処理を端末側で行う考え方）;アクチュエーター（電気信号→動作）","設問は「外気温を電気信号に変換する役割」を問うており、これは一般にセンサーの機能です。一方で選択肢cのキャリアアグリゲーションは通信分野の用語で、外気温→電気信号の変換とは関係が薄いです。選んだ意図としては、IoTデバイス内の“何か通信や処理をする仕組み”を連想してしまい、センサーと別概念を混同した可能性があります（例：通信方式/ネットワーク関連を選んでしまった）。また、aのアクチュエーターは「窓を開閉する」側の動作に対応するため、設問の焦点（外気温→電気信号）からずれている点も、概念取り違えの根拠になります。","センサー／アクチュエーター／エッジコンピューティング／通信方式（キャリアアグリゲーション）を、役割（物理量→電気信号、電気信号→動作、端末側での処理、通信帯域のまとめ方）で対比して暗記し、問題文の「電気信号に変換」がセンサーを指す合図だと素早く特定する練習をしてください。","0.78","false","シラバスVer.6.5","2026-07-06T10:50:21.217Z"
"2e91fd64-3b39-4735-ac5c-00d5cf555681","user_001","6cc5cf5f-6478-485e-a9be-f0e5fcbf142c","q_087","wrong_after_narrowing_to_two","繰り上がり判定(2になると何を表示するか)の取り違え;IF(C3+C4=2,1,0)の値(繰り上がり=1)と、B5に表示すべき2の位の結果(合計=2なら0)の役割の混同","選択肢aとbはどちらも「合計(B2:B4)が2未満ならその値、合計が2なら(それぞれ0または1)、それ以外なら(それぞれ1または0)」という形でほぼ同じです。あなたはbを選んでおり、特に「合計=2のときにB5に何を表示するか」の値がaでは0、bでは1になっています。この差がそのまま誤答要因になった可能性が高いです（例題では合計=2なので、B5は0のはず）。ただし、問題文の条件整理（B2が“繰り上がり格納”であること）を取り違えていないか、または「B2:B4の合計」の定義を別の加算（例：B2を除く/桁の役割を混ぜる）として見た可能性は残ります。","2進数の加算を「各桁の和が0/1/2のどれになるか」だけでなく、「2なら繰り上がりが発生して、その桁の表示は0になる」ことを前提に、設問で指定されているセル範囲(B2:B4)の合計が“何を表しているか(繰り上げ+2の位)””を図にしてからIF条件(合計=2のときの出力)を選ぶ練習をしてください。","0.62","false","シラバスVer.6.5","2026-07-06T10:50:52.496Z"
"cac7a12b-eb14-4b6d-b0b2-88d9e2174088","user_001","6e1a60f2-6723-447a-a5ca-95e0466a3c61","q_101","misread_question","カウンタ初期値（a）の意味（6回繰り返す回数との関係）;右回りの方向転換角度（外角）と内角の区別;「処理回数のカウンタが6未満」の条件の読み取り（繰り返し回数の決まり方）","選択肢は誤りですが、正解が「a=0, b=60」であることから見ると、あなたは少なくともb（方向転換角）を誤認し、a側も結果として正解から外れた可能性があります。特に、六角形の方向転換角について内角120度（または別の角度）を外角60度と取り違えた場合、b=120を選びやすくなります。また、(4)が「カウンタが6未満の場合は戻る」なので、a=0なら0,1,2,3,4,5の計6回(3)が実行される一方、a=1だと1〜5の5回になってしまい、六角形になりません。今回選んだb=120は“条件の回数”以前に角度の定義（外角か内角か）を取り違えている可能性が高いです。ただし、今回「selected_choice=b（a=0,b=120）」なので、aの読み取りよりも方向転換角の誤読・混同が主因の可能性があります（断定はできません）。","六角形の正しい描画に必要な「方向転換角（外角）」を、360度÷辺数で求める練習を行い、あわせて(4)の“6未満”が意味する繰り返し回数（a=0なら6回、a=1なら5回）を、カウンタの値を表にして追跡する問題演習をする。","0.45","false","シラバスVer.6.5","2026-07-07T12:48:44.975Z"
"4810c24a-f94b-4e82-a676-f8d234e8c5a1","user_001","e1f0542f-1586-407b-b120-6acdeb2be3d8","e03815aa-1495-458e-8b34-a89ac9da5b61","knowledge_gap","正六角形の外角（1辺ごとの方向転換角）;(4)の条件によって(3)が何回実行されるか（aの初期値の解釈）;カウンタが「6未満の場合」に含まれる実行回数の数え方","選択肢は a=0,1 と b=60,120 の組合せで、正答は a=0, b=60（外角60°、辺数6）です。しかしあなたは a=1、b=60 の組（c）を選んでいるため、bは外角の理解ができていた可能性があります。一方で a については(4)「6未満の場合は(3)に戻る」から、(3)の実行回数が 6回必要である点のカウントがズレている可能性が高いです。例えば a=1 とすると、(3)は1〜5の5回になり正六角形にならないため、aの初期値と実行回数の関係の見落としが原因になっていると考えられます（ただし、この問題であなたがどこまで根拠を持って考えたかまでは追加情報がないため断定は控えます）。","(4)の条件「〜未満」のときに(3)が何回繰り返されるかを、a=0とa=1で実際に数を書き出す練習をし、そのうえで多角形の外角は360÷辺数で求める（正六角形なら外角60°）手順をセットで確認してください。","0.62","false","シラバスVer.6.5","2026-07-07T12:49:15.054Z"
"5129c991-c612-4ffa-912b-508985c39b3e","user_001","b3e7a347-5cfb-4e5b-81bd-9286ded9fdb0","q_fe_r7koukai_16","term_confusion","マーケットバスケット分析（購買の同時購入組合せ発見）;コンジョイント分析（嗜好/評価の構造を推定し商品属性の影響をみる）","POSなどの“購買履歴”から「一緒に買われる商品（同時購入の組合せ）」を見つけるのは、選択肢dのマーケットバスケット分析です。選択肢cのコンジョイント分析は、商品属性（価格・特徴など）に対する消費者の選好を推定するのが中心で、POSの同時購入組合せを発見する趣旨とはズレます。今回の誤りは、分析手法の用途を取り違えた可能性が高いです。","マーケットバスケット分析＝POS等の購入履歴から“同時購入（組合せ・関連）”を見つける、コンジョイント分析＝アンケート等から“属性の好み（効用）”を推定する、という目的ベースの整理を行い、各手法の一文定義で即判断できるように練習してください。","0.72","false","シラバスVer.9.2","2026-07-08T15:42:48.372Z"
"0893a3dd-9f04-4a98-9235-045d23191a6d","user_001","4419e0a9-f912-444f-a07e-9408d6dd35b7","toeic_sample_014","misread_question","emergency alarm test vs actual emergency;notice instruction (No action required) vs assumed evacuation","文中に「No action is required from tenants during the test（入居者は試験中に何もしなくてよい）」と明確にあります。にもかかわらずA（避難）が選ばれているため、テスト（試験）と実際の緊急事態を取り違えた、もしくは「emergency alarm system」という語に引っ張られて“アラーム＝避難”と即断した可能性が高いです。Aは文脈の「対応不要」に直接矛盾します。","「No action is required / during the test」のような指示語・条件節に下線を引き、アラームが“試験”か“緊急”かを最初に判別してから選択肢を照合する練習をしてください。","0.62","false","N/A","2026-07-09T14:39:22.585Z"
"2fb8f9b0-1faf-4215-88a7-c0cb71af44e7","user_001","5974ae43-edc1-4574-aa5c-56ec1d3c2236","toeic_sample_018","misread_question","이미 설치됨/준비 완료(이미 완료된 상태)と推測(間に合わない可能性)の取り違え","本文では「ポスターは金曜の午後まで準備できない」とあるため、“まだ利用できない/間に合わない可能性”が推測できます。一方、選択肢Bは「Danielがすでにポスターを設置した（完了している）」という内容で、本文には設置状況は書かれていません。おそらく設問の“inferred（推測）”の読み取りよりも、別の情報（Danielに関する行動があるように見える等）を強く結び付けて読み違えた可能性があります。ただし、Bを選ぶ直接の根拠が特定しきれないため、断定はできません。","短文メールの推測問題では、(1) 因果の根拠になる文（not be ready until Friday afternoon / trade show begins Friday morning など）を必ず抜き出し、(2) 選択肢の文が“本文に書いてある断定”か“推測で許される可能性”かをチェックしてから、本文にない人物の行動（設置済み等）が含まれる選択肢を消す練習をしてください。","0.45","false","N/A","2026-07-10T13:55:19.696Z"
"9e90fd98-eda1-420f-8acb-40c3e46ff2ef","user_001","7a47e817-b631-48b8-8d42-742ba9ca6889","toeic_sample_033","misread_question","instructions for employees;specific date instruction (August 13);use different entrance vs bring own food","問題文は「What are employees instructed to do?（従業員は何をするよう指示されていますか）」で、選択肢は「入口の利用方法」「食事の場所」「特定日の持ち物」「ラウンジ回避」など行動の種類が混在しています。あなたはC（Bring their own food on August 13）を選んでいるため、本文にある“別の入口を使う”指示を見落とし、別の情報（8/13に関する持ち物）と結びつけてしまった可能性があります。自信度が未回答なので、誤読か情報取り違えの可能性が主となります。","本文の指示動詞（instructed/please/requiredなど）に注目して「誰が・何をするか」を選択肢から素早く特定し、特定日時（August 13）や場所（Conference Room B, employee lounge）などの“条件情報”が出てきても、質問が求める主行動と一致しているかを最後に照合する練習をしてください。","0.55","false","N/A","2026-07-10T13:55:42.496Z"
"f513cff8-0b12-4d58-956d-c1a70f6e1c9f","user_001","7a31bb07-e395-4bbb-80c0-4445b1cdcd9b","toeic_sample_003","term_confusion","respond（動詞）;respond to A（〜に応答する）;responded to（過去分詞＋前置詞toの形が必要）;responding（動名詞/現在分詞で文法的に合わない可能性）","選択肢cのrespondingを選んだため、空所に入れるべき形が「must be +（過去分詞）」ではなく、現在分詞/動名詞形だと誤認した可能性があります。本問は受動の構文（must be ～）で、かつ「respond to A（Aに応答する）」の決まった形が必要なので、responded to が要求されます。respondingは文脈上の受動形を満たさず、またtoを伴う形の整合もしにくいので誤答になりやすいです。","受動構文（must be + 過去分詞）とセットで、respond to の決まったコロケーションを優先的に確認する練習（must be responded to / be expected to / be required to の形で、to以下も一緒に暗記する）を行う。","0.58","false","N/A","2026-07-10T14:06:19.935Z"
"e234236c-51e9-47ac-b200-ccb378cbb521","user_001","e6cf6b2d-80c9-41bd-998e-791be751d703","toeic_sample_002","misread_question","before the meeting started（過去の基準時点）に合わせた時制選択;現在完了（has reviewed）と単純過去（reviewed）の使い分け","設問は「会議が始まる前に、マネージャーが最終の予算案をすでに検討していた」という過去の基準時点（before the meeting started）を明確に含みます。そこで時制は単純過去（reviewed）が必要です。選択肢cのhas reviewedは現在完了で「（たとえば今につながる形で）すでに〜した」を表しますが、この文では“before the meeting started”が過去の時点を固定しているため現在完了になりにくいです。cを選んだのは、過去の基準時点に引っ張られて時制を選ぶ意識が弱かったか、現在完了の「already」のイメージで誤ってしまった可能性があります（1問だけなので断定はできません）。","「before / by the time / when + 過去」など過去の基準時点がある文では単純過去を選ぶ、現在完了（has reviewed）は“過去の出来事が現在に影響する/現在までの継続”を示すときに選ぶ、というルールを例文で交互に確認する練習をしてください。","0.62","false","N/A","2026-07-10T14:06:28.526Z"
"379e18ac-b8e8-445b-bf21-84e28ee63579","user_001","dbe1ac16-6369-4bc0-bd0c-1459d396b887","toeic_sample_019","misread_question","check the figures in the summary table;request new survey questions","メール本文は「サーベイ結果を送ってくれてありがとう。管理部に提示する前に、各メンバーにサマリ表の数値を確認してほしい」「特に地域別売上は注意してほしい（昨日、2つの支店が修正データを報告）」という内容です。よって意図は“データの確認依頼”。選択肢Cの「新しいサーベイ質問の依頼」は本文に言及がないため、設問「Why did Luis write this email?」に対して本文の指示部分（確認してほしい）を取り違えた、または設問全体の要旨を読み違えた可能性が高いです。","「目的」を問う設問では、本文の指示動詞（check/pay special attention）と目的語（figures in the summary table）に着目して、選択肢の動作が本文の内容と一致するかを確認する練習をしましょう。","0.72","false","N/A","2026-07-10T14:06:36.732Z"
"8934a4d7-cf06-4936-9f05-842785b084da","user_001","05e5f3a3-3cbe-405b-8aaa-15c3473e2dc3","toeic_sample_014","misread_question","No action is required from tenants during the test;emergency alarm system test is routine;elevators will be permanently closed","設問は「非常警報システムの試験が水曜の朝に約10分行われ、入居者は試験中に何もしなくてよい」という内容です。この文脈では、避難や行動指示（A）や設備の恒久的閉鎖（B）は論理的に合いません。選択肢Bは試験案内と無関係な情報なので、主に『テスト中は対応不要』の部分を見落とした／文脈と選択肢の対応を確認しきれなかった可能性があります。","『No action is required』『during the test』のような時間・条件付きの否定/指示表現が出たら、その直後〜直後の選択肢（避難せよ・閉鎖される等）を一旦全部消し、残る選択肢が“routine test/inspection（定期点検）”に一致するかを必ず照合する練習をしてください。","0.62","false","N/A","2026-07-10T14:06:44.956Z"
"fe7fe8b7-ed18-434d-8d87-65884aa815bd","user_001","b3f89ccc-d1bb-4a48-8e57-2f732847740f","toeic_sample_020","term_confusion","client inquiries（顧客の問い合わせ）への対応;customer support procedures（カスタマーサポート手順）;security guidelines（セキュリティガイドライン）","設問は「client inquiries（顧客の問い合わせ）にどうrespondするか」を問うており、これは通常「Customer Support Procedures」が最も直接的に対応します。一方で選択肢Cの“Security Guidelines”は、問い合わせ対応という目的ではなくセキュリティに関するルール理解が中心なので、Cを選んだのは意味の取り違え（inquiries＝セキュリティ関連と連想した／支援業務を別カテゴリに混同した可能性）によるものと考えられます。自信度が未回答のため、確信度に基づく断定はできません。","“inquiries / client inquiries（問い合わせ）→ support / procedures（支援・手順）”のように、目的語（inquiries）が示す職務領域とセッション名を結び付ける練習として、各選択肢の主目的を1フレーズで言い換える（例：Security Guidelines＝セキュリティルール、Customer Support Procedures＝問い合わせ対応手順）→設問の目的と一致するものを選ぶ、という手順を反復してください。","0.55","false","N/A","2026-07-10T14:06:54.334Z"
"f9490f27-1c32-405a-a018-b44df40dd600","user_001","7bbf016e-d282-4b46-9434-307c3b05c4fb","toeic_sample_015","misread_question","submission deadlineの解釈（3 p.m. on Thursday後の流れ）;After that（その後）の指示対象","文中では「木曜3時までにコメントを送ってください。-------。その後、デザインチームが印刷用の最終版を作ります」とあり、空所には“コメント提出後の反映タイミング”が入るのが自然です。あなたはB（来週のカフェテリアの開店時刻）を選んでおり、文脈（After that のつながり）を読み取れず、設問が要求する“空所に入る内容”ではなく一般的な出来事を選んでしまった可能性があります。なお、Aは「コメントが金曜朝に反映される」という内容で文脈に整合します。","同じ設問形式で、まず「To/Subject」から話者の目的→本文の時系列（by〜/After that）→空所が受ける文の種類（いつ・その後何をする）を順番にメモし、各選択肢が時系列に一致するかだけで消去する練習をしてください。","0.45","false","N/A","2026-07-10T14:07:02.553Z"
"056e4b39-3c44-4508-b503-a287cec6c2f2","user_001","63275e7c-4d2f-4e8c-a0d1-2b3056fd2f06","toeic_sample_018","misread_question","posters (printed) vs digital display screens;inference (what can be inferred) vs personal action (what Maya wants)","本文では「印刷ポスターは金曜午後まで準備できない」と明確に述べられており、そのため「（間に合わないので）代わりにデジタル表示を使うべき」という判断をしている。選択肢Dは「Mayaがすぐにプリンター会社を変えたい」という内容だが、本文にはプリンター会社の変更や契約の話はないため、情報の読み取り（主語・目的・根拠）を取り違えた可能性が高い。設問が“何が推測できるか（inferred）”なので、行動意向から話を飛ばしすぎた誤読が起きたと考えられる。","本文の根拠となる文（will not be ready until Friday afternoon / trade show begins Friday morning / use the digital display screens instead / check whether the screens are available）を先にマークし、各選択肢がその根拠文から“推測できるか”を判定する練習をしてください（特に、会社変更など根拠のない追加情報が入っていないかをチェックする）。","0.28","false","N/A","2026-07-10T14:07:18.688Z"
"b04d540e-0208-47ce-bfd6-9ff2ffe82df8","user_001","5f17d1b6-8d0b-4d39-ad15-fb462aca365a","toeic_sample_019","misread_question","目的（Why did he write this email?）と依頼内容の取り違え;summary table/figures の確認依頼 vs 新しい質問文（survey questions）の作成依頼","メール本文では、調査結果を経営陣に提示する前に、各メンバーに「summary tableの数字（figures）を確認してほしい」と明確に依頼しています。また注意点として「地域別売上が昨日改訂された」とあります。一方で、選択肢Cの「新しい調査質問を依頼」は本文に根拠がありません。したがって、質問の“Why”に対して本文の中心（確認依頼）を拾いきれず、別の内容（survey questionsの作成）に読み違えた可能性が高いです。","設問が「Why did ... write this email?」のときは、本文の最初〜最後にある依頼・目的表現（would like each..., Please ...）を1文丸ごと確認し、選択肢の動作が本文の動作（check the figures）と一致しているかを照合する練習をしてください。","0.72","false","N/A","2026-07-10T14:21:14.662Z"
"a9ace726-c2a2-479d-bd4d-65a518631390","user_001","f6e79658-643f-4630-8759-62ea75ed9c9f","toeic_sample_031","term_confusion","cafeteria closure reason (upgrading kitchen facilities);training session as a different possible activity","選択肢Cの「staff will attend a training session」は本文の“誰が何をするか（スタッフの行動）”に目が行ってしまい、食堂が閉まる“理由”である「厨房設備をアップグレードするため」を取り違えた可能性があります。Bは本文中のnew kitchen equipment設置＝cooking facilities will be upgradedの言い換えで、Cは本来別情報なので、根拠となる部分を読解できていなかったと思われます。1問だけなので断定はできませんが、典型的には設問の焦点（closed の理由）と選択肢の内容（trainingは理由ではない）がズレたミスです。","本文中の“Why…?”に続く理由部分（closed の原因）を線で確認し、各選択肢は「誰が・何をする」ではなく「閉鎖の理由か（原因と一致するか）」で根拠一致チェックしてから選ぶ練習をしてください。特にupgrade/equipment/installation など設備更新語を理由根拠として素早く拾う練習が有効です。","0.68","false","N/A","2026-07-10T14:21:25.124Z"
"247326df-5bdf-4e78-9c66-f5b41e747bc4","user_001","7dc679f0-5d3f-44da-ad78-c44024bddeb6","toeic_sample_017","misread_question","airport transportationの連絡タイミング（少なくとも24時間前）;breakfastの提供時間（6:30 a.m. to 9:30 a.m.）","選択肢Cは本文中の「breakfast is served in the first-floor restaurant from 6:30 a.m. to 9:30 a.m.」の時間帯に一致しています。一方、設問はairport transportationが必要なとき「When should Ms. Chen contact the hotel?」なので、本文の「at least 24 hours before arrival」が根拠になります。おそらく受験者が本文の時間情報を『airport transportation』ではなく『breakfast』の記述と取り違えて選んだ可能性があります（断定はできませんが、Cを選ぶとこの取り違えが最も自然です）。","「連絡・手続きのタイミング（Please contact… at least 〜 before arrival）」のような“行動の指示”を探し、同じ本文にある別の時間表現（例：breakfastの提供時間）と区別して根拠を一文で確認する練習をしてください。","0.45","false","N/A","2026-07-10T14:29:22.314Z"
"3f8ff9a1-81fb-4b30-afe3-cddf2ab55a07","user_001","a6776f0d-98f1-425b-9fe7-63657df3e591","toeic_sample_031","misread_question","employee cafeteria will be closed（なぜ閉鎖されるか）;staff will attend a training session（閉鎖理由ではなく別の行動）;kitchen equipment will be upgraded（閉鎖理由：設備更新）","本文の主旨が「食堂はなぜ閉鎖されるか」なので、理由（for + 名詞）に当たる部分を根拠に選ぶ必要があります。あなたはC（staff will attend a training session）を選んでいるため、閉鎖後の予定・別情報を理由だと読み違えた可能性があります。Bの upgraded は本文の new kitchen equipment の言い換えなので、アップグレード理由に紐づく情報へ注意が向かなかった（設問の“Why”に対する根拠選びが弱かった）と考えられます。","「Why」で問われている設問は必ず“閉鎖の理由”の根拠文を線で結び、選択肢を根拠文の語彙（upgrade/new equipment など）と照合する練習をしてください（特にtraining/cleaning/staffのような別イベントは理由かどうかを確認する）。","0.55","false","N/A","2026-07-10T14:29:38.879Z"
"1376f82d-4df7-4476-9593-659d82853e62","user_001","2e92a427-49a8-4e2e-bbc7-7d2897191e8a","toeic_sample_032","misread_question","temporary food counter（臨時カウンター）に関する情報;payment method（支払い方法）;limited selection of food（提供内容が限定）","設問は「臨時のフードカウンターについて何が示されているか（What is indicated...）」で、正解は“提供される食べ物の種類が限られる”ことです。一方で選択肢Bは“現金で支払いができる”という支払い方法の話なので、内容を食べ物の種類ではなく支払い方法だと捉えてしまった可能性があります。根拠（選択肢Bの内容が本文にあったかどうか）は不明なため、ミス原因は「読み違い（設問の焦点を食べ物の種類からずらした）」が最も可能性として高いです。","選択肢で問われている焦点を先に確認する練習（What is indicated about...＝“その対象について示されていること”）をし、同時に“food counter”に関する情報を探す際は food（提供内容）の根拠文を優先して探し、cash payments のような支払い系の語が出ても食べ物の種類とは区別して選ぶ訓練を行う。","0.62","false","N/A","2026-07-10T14:29:45.327Z"
"afa0e389-4cea-480d-8d3d-4a9937020feb","user_001","601ffe5f-83ca-4907-9551-a32b0b157852","toeic_sample_033","misread_question","指定された行動（入口の利用）と、食事に関する指示（自分の食事持参）","本文の「What are employees instructed to do?（従業員は何を指示されているか）」に対して、選択肢Cの「Bring their own food on August 13（8/13に自分の食事を持参）」を選んでいます。正解Aは入口に関する指示ですが、Cは日付と食事の内容で別トピックです。1問だけで断定はできませんが、設問の“指示されていること”を正しく拾えず、選択肢の情報（食事・日付）に引っ張られて読み違えた可能性が高いです。","設問の動詞（instructed to do / what are ... asked to do）に線を引き、選択肢は「場所（entrance/door）」と「行動（enter）」のように本文中の根拠語と対応させて選ぶ練習（選択肢の意味を暗記せず根拠箇所に戻って確認する）を行う。","0.62","false","N/A","2026-07-10T14:29:51.307Z"
"e2b8fc94-9bdc-4b03-94a5-0016b03cd30a","user_001","40036d7c-dee8-44f2-9002-0ce3c8dd7d55","toeic_sample_092","misread_question","program eligibility/usage restrictions（利用条件・対象者）と需要が高いことの具体例（すぐ売り切れる）","選んだDは「プログラムの利用対象がレストラン従業員だけ」という内容ですが、正解Aは「割引商品がすぐ売り切れる＝需要が予想以上に高い」という前文の流れを具体化する文です。A/B/C/Dの選択肢の中で、Dは“前文の需要の高さ”を直接説明する形ではないため、設問の「blank(10)が前文のどの内容を受けるか（理由・具体例）」を読み取りきれず、選択肢として知識的に近い別情報（規約・制限）を当ててしまった可能性があります。自信度が未回答のため、確信の有無による判断は控えます。","前文とのつながり（因果・具体例・対比）を意識して根拠文を確認し、選択肢は「前文を補強する情報か／別の規則・制限を述べているだけか」をチェックする練習をしてください。","0.62","false","N/A","2026-07-10T17:19:47.446Z"
"8f5ce249-caa2-477b-bd40-acfdc9cc47de","user_001","49d64347-04b6-4c4c-a57b-38b3926a16b5","fe_sample_080","term_confusion","ベンチマーク（性能比較）;バックアップ（データ保全）","正解は「ベンチマーク」ですが、選択肢dの「バックアップ」を選んでおり、性能比較の評価手法という設問意図（共通の処理を実行して時間や処理量を測る）と、バックアップの目的（データ保全・復旧）を取り違えた可能性が高いです。文面上は誤読よりも、用語の意味の混同による誤答に見えます。なお、シラバスVer.9.2でも正解選択肢は変わっていないため、ルール差による影響は考えにくいです。","ベンチマーク（共通の処理で処理時間・処理量を測り性能比較する）とバックアップ（データを保護し復旧に備える）の目的・用途の違いを、具体例つきで整理し、問題文の「性能を比較」「処理時間や処理量を測定」というキーワードから評価手法を選べるように練習してください。","0.72","false","シラバスVer.9.2","2026-07-11T09:14:41.891Z"
"3c936fca-1981-440d-91f7-8918d354dbb0","user_001","bb6ba579-52b9-43ce-871f-b2b7ebe268f3","fe_sample_016","misread_question","共有ロック vs 専有ロック（読取/更新の可否）;デッドロック（ロック待ちの循環）;ロールバック（変更の取り消し）","設問は「T1がデータXに設定しているロック」を問うており、T2は『読み込めるが書き換えできない』という条件です。これは一般に“共有ロック（共有ロック中は他者も読み取り可能だが更新不可）”に対応します。選択肢cのデッドロックやdのロールバックは、今回の条件（読み取り可・更新不可）を直接説明する概念ではないため、ロックの種類の見分けではなく、質問文の意味（読み取り/更新の可否）を別のテーマとして読み違えた可能性が高いです。","共有ロックと専有ロックの違いを「他トランザクションの読み取り可否／書き換え可否」で整理し、今回のような“読めるが更新できない”条件から選択肢を特定する練習（デッドロック・ロールバックとの役割の切り分けも一緒に）を行ってください。","0.72","false","シラバスVer.9.2","2026-07-11T09:40:08.873Z"
"ed13d324-a512-4199-b435-b1b4c5d51279","user_001","2f9da50b-44a2-46a5-8508-304601d1e2fc","fe_sample_061","term_confusion","ROM（不揮発性）;DRAM（揮発性・再読出し前提）;メモリの目的（読出し中心かどうか）;電源オフ後の記憶保持性","正答がROMであるのに選択肢cのDRAMを選んでいるため、「電源を切っても保持される（不揮発性）」という条件と、DRAMの「電源が必要で揮発性」という性質を取り違えた可能性が高いです。また設問は「通常の利用時には内容の読出しを主な目的」とあるため、ROMの“読出し中心”の性格も混同している恐れがあります。選択肢同士の絞り込み（2択）での読み間違いより、メモリの基本特性の混乱（用語の取り違え）に見えます。なおシラバスVer.9.2でも正答はROMのままであり、旧ルールとの差による誤答の可能性は低いです。","ROMとDRAMの基本特性（不揮発性/揮発性、電源オフ後に保持されるか、用途として読出し中心か読み書き中心か）を対比表で整理し、各メモリの代表用途（ROM=起動/制御プログラム保存、DRAM=主記憶として常にリフレッシュが必要）を結び付けて覚える練習を行ってください。","0.72","false","シラバスVer.9.2","2026-07-11T09:40:18.005Z"
"f97a0b6c-e0ad-40d4-9c58-253b71461a8f","user_001","dc2cb97b-1339-4858-8713-d42c06a2dd9e","fe_sample_084","term_confusion","スタブ（未完成下位の代替）;ドライバ（テスト対象の呼び出し側を担う）","設問はトップダウン結合テストでの「未完成の下位モジュールの代わり」に相当するものを問うているため、正解はスタブです。一方で選択肢bのドライバは、通常はテスト対象モジュールを“呼び出す側”として用いられます（ボトムアップやテスト環境での役割として扱われることが多い）。今回bを選んだことから、スタブとドライバの役割（呼ばれる側か・呼ぶ側か）を取り違えた可能性が高いです。自信度が未回答のため断定は避けます。","スタブとドライバの役割を「上位→呼び出される下位が未完成ならスタブ（仮の呼出先）」「テスト対象を呼び出す側ならドライバ」と、トップダウン／ボトムアップの結合テストの流れに結び付けて整理する練習を行うと良いです。","0.78","false","シラバスVer.9.2","2026-07-11T09:40:24.876Z"
"be18048f-da9f-4b70-9e53-733881117ed0","user_001","f1ffcd78-7576-482c-bf98-ac69c1517ff2","fe_sample_063","term_confusion","負荷分散;データマイニング;フェールオーバ;デフラグメンテーション","設問は「利用者からの処理要求を複数サーバへ振り分けて、一台に集中しない仕組み」を問うており、正解は負荷分散です。しかし選択肢cのデータマイニングを選んでいるため、負荷分散（分散して処理する考え方）とデータマイニング（データから知見やパターンを抽出する分析の考え方）を混同した可能性が高いです。フェールオーバは故障時の切替、デフラグは記憶媒体の断片整理であり、文脈（要求の振り分け・集中防止）とは直接結びつきません。","負荷分散・フェールオーバ・データマイニング・デフラグメンテーションを「役割（目的）」「対象（サーバ運用/故障切替/データ解析/記憶媒体管理）」「キーワード（振り分け/集中防止/切替/整理）」で対比し、負荷分散を「処理要求を複数に振り分けて偏りを防ぐ仕組み」として即答できるように整理してください。","0.72","false","シラバスVer.9.2","2026-07-11T09:40:31.827Z"
"80990786-53a9-4be6-b315-f7259a310960","user_001","0c11de94-4175-424a-8262-e8d7c823af90","fe_sample_037","term_confusion","ハニーポット;プロキシサーバ","選択肢の中で、疑似的に攻撃者を誘導して攻撃手法や侵入後の行動を記録・分析する目的に合うのは「ハニーポット」です。一方で「プロキシサーバ」は、通信の中継や匿名性・アクセス制御のために用いられることが多く、攻撃者の振る舞いを意図的に誘引して観察する“疑似サーバ”という定義とはズレます。今回、問題文のキーワード（攻撃者を誘導／攻撃手法・侵入後行動を記録・分析／実業務で使用しない疑似的サーバ）に対して、用語の理解が近いものとして「プロキシサーバ」を誤って選んだ可能性が高いです。自信度が未回答のため、断定ではなく可能性として扱います。","ハニーポットとプロキシサーバの目的・役割の違い（ハニーポット＝誘導して観測・記録、プロキシ＝中継/制御/匿名化）を用語の定義ベースで整理し、過去問の同種の設問で“観測・誘導・記録”の有無から即座に判別する練習をしてください。","0.67","false","シラバスVer.9.2","2026-07-11T09:40:43.294Z"
"27f7e482-6fcf-449f-91b8-09ea98a7e376","user_001","44f6771b-5ef1-433b-8a4b-f6f41baacca0","q_fe_r7koukai_01","term_confusion","事前学習（大量テキストで一般知識を獲得する学習）;ファインチューニング（特定タスク用のデータで追加学習し調整する）","選択肢cは「大量のテキストデータを用いて学習し、モデルの精度を高める」という内容で、典型的には事前学習（pre-training）の説明に近いです。一方、正解dが述べているファインチューニングは「事前学習済みモデルに対して、特定の目的・タスクに応じたデータで追加学習する」点が本質です。今回の誤りは、ファインチューニングの“事前学習済みモデルに対して・特定タスク用データで追加学習する”という区別を取り違えた可能性が高いです（断定はしませんが、誤差の方向性は明確です）。","事前学習（pre-training）とファインチューニング（fine-tuning）の違いをセットで整理し、「学習する対象（事前学習済みか否か）」「データの性質（一般大量テキストか、特定タスクのデータか）」「目的（汎用能力獲得か、タスク適応か）」が一致する選択肢を見分ける練習をしてください。","0.78","false","シラバスVer.9.2","2026-07-11T09:40:51.317Z"
"3acacafd-aaf4-4d23-aa62-3c13085e16b4","user_001","31c81429-fb16-4f1d-a542-1cfb0acbda2a","fe_sample_089","misread_question","SLA（サービスレベル合意）;SBOM（ソフトウェア部品表）","設問文は「ソフトウェアに含まれるOSS/ライブラリ名、各部品のバージョン、ライセンス、既知の脆弱性との関連、依存関係」を“一覧化して管理”するものを問うています。これはSBOMの特徴（ソフトウェア構成部品の棚卸し：名称・バージョン・ライセンス・依存関係など）に一致します。選択肢aのSLAはサービス提供の品質・可用性等の取り決めであり、構成部品の一覧や脆弱性との紐づけを管理する目的とは一致しません。よって、SLA/SBOMの内容理解というより、設問の意図（ソフトウェア構成管理）を読み取り損ねて別概念に当てはめた可能性が高いです。なお、知識の陳腐化による誤りは今回のデータでは特定できません。","SLAとSBOMの目的・管理対象（品質保証か、ソフトウェア部品の棚卸しか）を対比して整理し、SBOMがカバーする項目（部品名・バージョン・ライセンス・依存関係・脆弱性影響の特定）に一致するかどうかを設問ごとにチェックする練習をしてください。","0.74","false","シラバスVer.9.2","2026-07-11T09:40:58.242Z"
"a4d7c407-ad1d-4d1f-9549-53ac1564870e","user_001","9cbbe3c2-0410-4378-be5b-92cb63021fb5","q_fe_r7koukai_15","misread_question","サーバ室の物理的安全対策の指摘事項（常時施錠など）と、警報装置の作動状況（運用/技術の一部）との優先度・監査指摘対象の違い","正答はc（社外から直接出入りできるドアを常時施錠していない不備）です。あなたはa（無人領域で営業時間中でも警報装置が作動）を選んでいますが、これは“望ましい/一定の対策”の可能性はあるものの、問題文が求めるのは「監査人が指摘事項として監査報告書に記載すべきもの」＝“不備があること”に当たる選択肢です。aは警報装置が作動するため、少なくとも致命的な不備（部外者侵入を許す等）とは読み取りにくく、指摘事項に該当しない側に寄った可能性があります。","物理的セキュリティ監査では「部外者の侵入を可能にする設計・運用不備（例：社外からの直接出入口の常時施錠なし）」が指摘事項になりやすいことを、設問の“指摘事項”という目的語とセットで判断できるよう、サーバ室の物理対策の観点（出入口管理・無断侵入防止・非常口等の設備の役割）を整理して復習してください。","0.62","false","シラバスVer.9.2","2026-07-11T09:41:05.291Z"
"0b079018-fcf5-4ef8-9766-ad54057fdf32","user_001","f3d375a5-5987-413e-9767-18195ef48199","fe_sample_088","misread_question","ウォーターフォール（計画→実行→検証の流れを重視）;スクラム（スプリント反復、日々の進捗確認、優先順位バックログ）;スプリントと短い反復期間の読み取り","設問の特徴（1〜4週間程度に区切る／開始時に実施作業を選択／終了時に動作成果物を確認／日々短時間の進捗確認／優先順位を一覧で管理）は、スクラムのスプリント・デイリースクラム・プロダクトバックログに合致します。しかし選択肢はa:ウォーターフォールになっているため、設問文の「短い期間の反復（スプリント）」や「毎日の短時間の確認（デイリースクラム）」をウォーターフォールの用語・流れとして読み替えてしまった可能性があります。シラバスVer.9.2でも正答はbのままであり、知識の古さによるズレではなく、設問の読み取り/対応付けの誤りの疑いが強いです（自信度未回答のため断定はしません）。","スクラムの構成要素（スプリントの長さのイメージ、スプリント開始時の計画、終了時のインクリメント/成果物確認、デイリースクラム、優先順位はバックログで管理）と、ウォーターフォールの進め方（段階的・計画主導で反復が中心でない）を問題文のキーワードから対応づける練習をする。","0.68","false","シラバスVer.9.2","2026-07-11T09:41:12.510Z"
"24af8a49-71d9-4452-beba-57c788d607dd","user_001","3dc9f02e-bcc5-4476-9c64-4a87d6275697","fe_sample_022","term_confusion","FIFO;LIFO;スタック（LIFO）;キュー（FIFO）","FIFOの説明（最初に入れたものを最初に取り出す）に対して、選択肢aのスタックを選んでいるため、FIFOとLIFO（スタック）の取り違えが最も可能性が高いです。問題文自体の読み違いというより、「FIFO＝キュー」「LIFO＝スタック」の対応を混同したタイプと考えられます。自信度が未回答なので、自信に基づく断定は行いません。","FIFOとLIFO（スタック／キュー）の定義と対応を整理し、具体例（印刷待ち→キュー、箱を積む/後入れ→先出し→スタック）で選択できるように反復練習してください。","0.72","false","シラバスVer.9.2","2026-07-11T09:41:24.810Z"
"44639585-e530-437f-9649-d635ce80fa32","user_001","9d959c5a-4969-42f5-bb05-d53de4a31da1","fe_sample_093","misread_question","ジャーナリング;デフラグメンテーション","問題文は「更新する前に変更内容をログへ記録し、障害発生時に整合性を回復する仕組み」を問うていますが、選択肢(a)のデフラグメンテーションは断片化を解消して性能を改善する処理であり、更新前に“ログを記録して復旧する”仕組みではありません。そのため、用語の知識不足というより、問題文の要点（ログ記録・整合性回復）を読み取りきれていない／引っかけにより別概念を選んだ可能性が高いです。","ジャーナリングとデフラグメンテーションの目的・挙動の違い（ジャーナリング＝更新前にジャーナルへ記録して障害時に整合性回復、デフラグ＝断片化解消で性能改善）を対比して理解し、問題文の「ログへ記録」「障害時の整合性回復」というキーワードに着目して選択肢を照合する練習をしてください。","0.68","false","シラバスVer.9.2","2026-07-11T09:41:30.563Z"
"ec6cb237-ebaa-4673-a5fb-9fc378676b0f","user_001","a9b00f72-15a5-4504-936f-412059be8428","fe_sample_024","term_confusion","イメージスキャナ;プロジェクタ（投影装置）;OCR","選択肢の中で、正解は「紙面を光学的に読み取って入力する装置」＝イメージスキャナです。一方で、aのプロジェクタは「映像をスクリーン等へ投影する装置」であり、紙を読み取ってコンピュータへ取り込む役割ではありません。今回の誤答は、装置の目的（入力か出力か）と、用語イメージ（スキャナ＝読み取り、プロジェクタ＝投影）が混同されている可能性が高いです。問題文や正答・解説に変更がないため、古いルールとの差による誤答ではなく、用語理解のズレによる可能性が高いです（自信度未回答のため断定はしません）。","入力装置と出力装置の区別を意識しながら、「スキャナ＝紙を読み取って取り込む（OCRで文字化）」「プロジェクタ＝画像を投影する」といった基本機能を対比して覚え、用語を見た瞬間に役割（入力/出力）で選べるよう反復練習する。","0.72","false","シラバスVer.9.2","2026-07-11T09:41:37.189Z"
"d1a3e6e9-007b-45eb-a933-948936bb0c35","user_001","fc81b26e-26c3-4600-bf01-bc3497e29a57","fe_sample_086","misread_question","回帰テスト;セキュリティテスト","設問は「検索機能の修正後、正常に動くことに加えて、以前正常だった登録機能や出力機能に悪影響がないことも確認」する内容であり、これは“修正による副作用（既存機能への影響）を確認する”回帰テストの定義に一致します。選択肢dのセキュリティテストは、権限・脆弱性・攻撃耐性などの観点で不正利用を検出するテストで、設問の焦点（既存機能の壊れ確認）とはずれます。したがって、ユーザーは設問文の「以前正常だった機能への影響確認（回帰）」を読み取り切れず、別の観点（セキュリティ）に寄せてしまった可能性が高いです。","回帰テストは「修正・追加の後に、既存の正しく動いていた機能へ新たな不具合が起きていないか」を確認するテストだと整理し、セキュリティテストが扱う観点（脆弱性や不正アクセス等）と混同しないように特徴を比較して覚えてください。","0.72","false","シラバスVer.9.2","2026-07-11T09:41:51.957Z"
"d262721a-a590-46a2-b0cb-741f82828186","user_001","f20b8367-ed9a-4796-a00a-57abbd017edc","fe_sample_020","misread_question","IPsec（トンネルモード/トランスポートモード）とSSL/TLS;IPパケット単位での保護とアプリ層（SSL/TLS）の暗号化;セキュリティゲートウェイ間VPN（L3/拠点間）とWeb/アプリ用暗号（L4〜アプリ層）","問題文の要件は「IPパケット単位で保護」「セキュリティゲートウェイ間で使用」「元のIPパケット全体を暗号化して新しいIPヘッダを付加」「アプリ変更不要」となっており、これはVPNのIPsecトンネルモードの特徴に一致します。一方、SSL/TLS（選択肢c）は主に特定のアプリ層通信（例：HTTPS）を暗号化する技術であり、IPパケットそのものを丸ごとカプセル化して新しいIPヘッダを付加する方式ではありません。そのため、SSL/TLSを選んだのは「要件（IP層での暗号化・トンネルカプセル化）」と「SSL/TLSの適用範囲（アプリ層中心）」を取り違えた可能性、または設問の意図（IPsecであること）を読み違えた可能性が高いです。","IPsecトンネルモードとトランスポートモードの違い（元IPパケット全体の暗号化＋新IPヘッダ追加）と、SSL/TLSが主にアプリ層の通信を暗号化する点を、拠点間VPN（セキュリティゲートウェイ間）という文脈で整理して確認してください。","0.74","false","シラバスVer.9.2","2026-07-11T09:42:09.295Z"
"662774d6-f267-4f65-9e8d-099adb040967","user_001","7de905b1-7b7f-4ef2-a645-0f99bb65f8c3","fe_sample_044","term_confusion","TPモニター;コンパイラ","選択肢a「コンパイラ」は翻訳（ソースコードを機械語/中間表現へ変換）に関するソフトウェアであり、本問文の「多数の利用者から同時に受け付けたトランザクション」「処理の振分け」「実行状況の管理」「障害時の回復」に該当しません。誤答は、用語（特にTPモニター）を“トランザクション処理を支えるミドルウェア”として結びつけられず、別分野のシステムソフト（コンパイラ）を選んだ可能性が高いです。問題自体の正解選択肢は原版/現版ともcで変化がなく、古いルール差による影響も考えにくいです。","TPモニターの役割（オンライン処理での振分け、監視、排他制御、障害回復）と、コンパイラ/デバッガ/デバイスドライバの役割の違いを対比して整理し、キーワード（トランザクション、実行状況、障害回復）からTPモニターを選べるように練習してください。","0.78","false","シラバスVer.9.2","2026-07-11T09:42:29.067Z"
"1fc9abe8-844e-4778-bf3e-72a121af3cf0","user_001","b85a0711-52d8-49f8-a94b-5d20b2dc363c","q_fe_r7koukai_16","term_confusion","3C分析;マーケットバスケット分析;POS;購買の同時購入（バスケット）","選択肢aの「3C分析」は市場・競合・自社（顧客/競合/自社）などの外部環境整理が中心で、POSの“同時購入される商品の組合せ”を発見する手法とは対応しません。一方で設問はPOSなどの蓄積データから「一緒に買われる商品」の組合せを発見する趣旨なので、正解のマーケットバスケット分析が適合します。ミスは知識不足というより、用語（3C分析とマーケットバスケット分析）の役割を取り違えた可能性が高いです。なお、シラバスVer.9.2でも正解は変わっていないため、ルール差や古い知識の影響による誤りではなさそうです。","3C分析・ABC分析・コンジョイント分析・マーケットバスケット分析の「目的（何を明らかにするか）」と「入力データ（例：POS購買履歴か、顧客アンケートか、売上シェアか）」を対比して整理し、設問文のキーワード（POS/一緒に買われる/組合せ/要因分解など）から手法を即座に結びつける練習をしてください。","0.74","false","シラバスVer.9.2","2026-07-11T13:58:32.146Z"
"e525bde6-7059-407e-a589-266f59b089de","user_001","d5d7b3c5-909b-41e8-96d9-f3715fac7325","q_fe_r7koukai_19","wrong_after_narrowing_to_two","限界利益（=売上-変動費）;月間の必要客数→日間→客席あたりへの換算;固定費＋目標利益の合算の取り扱い","正答は「5人」ですが、選択肢bは「4」。計算手順自体（限界利益400円で、固定費300,000円＋目標利益100,000円＝400,000円を確保する→必要客数1,000人→1日50人→1客席当たり5人）に対して、どこかの換算で「5」を「4」に落としている可能性があります。典型的には、(1) 営業日数20日の扱いを誤っておりそう（例：別の営業日数を想定している）、または(2) 1か月の利益目標を固定費だけにしてしまう等で必要客数が変わり、その結果客席当たりが4前後に寄るケースが考えられます。ただし提示された解説とあなたの解答の差分からだけでは断定できず、主に“途中計算または換算のどこか”でズレた可能性が高いです。","限界利益（客単価-変動費）で必要客数を作る→固定費＋目標利益を同じ期間（月）で合算する→必要客数（月）→1日平均（/営業日数）→客席あたり（/席数）までを順序立てて確認する練習を、類題で反復してください。","0.55","false","シラバスVer.9.2","2026-07-11T13:58:44.412Z"
